film_id;year;creator_id
903;1975;11036
903;1975;11468
903;1975;12095
904;1975;11206
904;1975;11257
904;1975;11785
904;1975;12098
905;1975;11106
905;1975;11899
905;1975;12065
906;1975;11272
906;1975;11903
906;1975;11970
907;1975;11010
907;1975;11509
907;1975;11839
908;1975;11242
908;1975;11785
908;1975;12079
909;1975;11369
909;1975;11509
909;1975;11839
910;1975;11157
910;1975;11852
910;1975;11970
910;1975;33004
911;1975;11509
911;1975;11839
911;1975;33005
912;1975;11438
912;1975;11852
912;1975;12073
912;1975;33001
913;1975;11371
913;1975;11831
913;1975;12157
914;1975;11330
914;1975;12044
914;1975;33003
915;1975;11150
915;1975;11200
915;1975;11870
915;1975;12070
916;1975;11371
916;1975;11832
916;1975;12157
917;1975;11143
917;1975;11174
917;1975;11294
917;1975;11852
917;1975;11970
918;1975;11831
918;1975;12070
918;1975;33002
918;1975;33005
919;1975;11150
919;1975;11200
919;1975;11870
919;1975;12079
920;1975;11131
920;1975;11143
920;1975;11174
920;1975;11356
921;1976;11088
921;1976;11357
921;1976;11450
921;1976;11870
922;1976;11368
922;1976;11405
922;1976;11450
923;1976;11092
923;1976;11500
923;1976;11916
923;1976;12070
924;1976;11356
924;1976;11448
924;1976;11473
924;1976;11852
925;1976;11058
925;1976;11077
925;1976;11509
925;1976;11903
926;1976;11174
926;1976;11238
926;1976;11294
926;1976;11852
926;1976;12079
927;1976;11106
927;1976;11899
927;1976;12065
928;1976;11046
928;1976;11282
928;1976;11831
928;1976;12142
929;1976;11229
929;1976;11899
929;1976;12079
930;1976;11121
930;1976;11916
930;1976;12070
931;1976;11206
931;1976;11356
931;1976;11368
931;1976;11770
932;1976;11441
932;1976;11839
932;1976;11970
933;1976;11356
933;1976;11426
933;1976;11506
933;1976;11852
934;1976;11272
934;1976;11903
934;1976;11970
935;1976;11177
935;1976;11330
935;1976;11831
935;1976;12044
936;1976;11082
936;1976;11409
936;1976;11435
936;1976;11761
936;1976;11773
936;1976;11903
936;1976;12031
936;1976;12073
936;1976;12103
936;1976;12123
937;1976;11010
937;1976;11509
937;1976;11839
304;1977;11131
304;1977;11151
304;1977;11356
304;1977;11770
364;1977;11099
364;1977;11438
364;1977;11916
364;1977;12024
938;1977;11058
938;1977;11077
938;1977;11903
938;1977;11970
939;1977;11388
939;1977;11852
939;1977;12005
940;1977;11456
940;1977;11842
940;1977;12123
941;1977;11264
941;1977;11870
941;1977;12021
942;1977;11421
942;1977;11811
942;1977;12098
943;1977;11010
943;1977;11263
943;1977;11517
943;1977;11903
943;1977;12161
944;1977;11206
944;1977;11620
944;1977;11796
944;1977;12079
945;1977;11074
945;1977;11119
945;1977;11818
945;1977;11975
945;1977;12002
945;1977;12079
946;1977;11082
946;1977;11409
946;1977;11795
946;1977;11970
946;1977;12123
947;1977;11290
947;1977;11369
947;1977;11509
947;1977;11839
948;1977;11150
948;1977;11200
948;1977;12146
950;1977;11184
950;1977;11371
950;1977;11831
950;1977;12157
951;1977;11356
951;1977;11387
951;1977;11509
951;1977;11839
953;1977;11126
953;1977;11870
953;1977;11981
953;1977;12157
954;1977;11133
954;1977;11439
954;1977;12070
955;1977;11121
955;1977;11916
955;1977;12070
956;1977;11100
956;1977;11293
956;1977;11899
956;1977;12065
957;1977;11015
957;1977;11238
957;1977;11294
957;1977;11852
957;1977;12079
958;1977;11010
958;1977;11509
958;1977;11852
959;1977;11147
959;1977;11356
959;1977;11437
959;1977;11507
959;1977;11916
960;1977;11006
960;1977;11022
960;1977;11216
960;1977;11870
960;1977;11970
961;1977;11094
961;1977;11869
961;1977;12035
962;1978;11055
962;1978;11450
962;1978;11870
963;1978;11174
963;1978;11193
963;1978;11770
963;1978;12079
964;1978;11157
964;1978;11494
964;1978;11852
964;1978;11970
965;1978;11010
965;1978;11852
965;1978;12005
966;1978;11288
966;1978;11435
966;1978;11509
966;1978;11903
967;1978;11213
967;1978;11377
967;1978;11841
967;1978;11890
967;1978;12005
968;1978;11516
968;1978;11916
968;1978;12070
969;1978;11046
969;1978;11216
969;1978;11506
969;1978;11831
969;1978;12064
970;1978;11206
970;1978;11620
970;1978;11796
970;1978;12079
971;1978;11174
971;1978;11423
971;1978;11916
971;1978;12024
972;1978;11090
972;1978;11839
972;1978;12071
973;1978;11235
973;1978;11319
973;1978;11320
973;1978;11832
973;1978;12012
974;1978;11317
974;1978;11357
974;1978;11870
974;1978;11900
974;1978;12070
975;1978;11056
975;1978;11794
975;1978;11827
975;1978;11948
975;1978;12137
976;1978;11126
976;1978;11717
976;1978;11839
976;1978;12137
977;1978;11174
977;1978;11193
977;1978;11770
977;1978;12079
978;1978;11229
978;1978;11916
978;1978;11970
979;1978;11459
979;1978;11870
979;1978;11994
979;1978;12005
980;1978;11238
980;1978;11294
980;1978;11852
980;1978;11970
981;1978;11069
981;1978;11426
981;1978;11841
981;1978;12059
982;1978;11356
982;1978;11448
982;1978;11473
982;1978;11852
983;1978;11208
983;1978;11260
983;1978;11876
985;1979;11140
985;1979;11506
985;1979;11876
985;1979;11970
986;1979;11071
986;1979;11199
986;1979;11918
986;1979;12021
987;1979;11223
987;1979;11409
987;1979;11488
987;1979;11862
987;1979;12123
988;1979;11405
988;1979;11770
988;1979;11970
988;1979;12146
989;1979;11060
989;1979;11852
989;1979;11960
989;1979;12073
990;1979;11330
990;1979;11369
990;1979;11506
990;1979;11839
990;1979;12044
991;1979;11369
991;1979;11506
991;1979;11839
991;1979;12146
992;1979;11082
992;1979;11409
992;1979;11811
992;1979;11970
992;1979;12123
993;1979;11441
993;1979;11839
993;1979;12005
994;1979;11022
994;1979;11242
994;1979;11509
994;1979;11785
995;1979;11505
995;1979;11758
995;1979;12091
996;1979;11263
996;1979;11772
996;1979;12097
997;1979;11010
997;1979;11852
997;1979;12005
998;1979;11196
998;1979;11208
998;1979;11796
999;1979;11015
999;1979;11146
999;1979;11200
999;1979;11224
999;1979;11313
999;1979;11824
999;1979;11857
999;1979;11866
999;1979;12116
999;1979;12123
1000;1979;11261
1000;1979;11905
1000;1979;12012
1001;1979;11088
1001;1979;11338
1001;1979;11356
1001;1979;11841
1002;1979;11204
1002;1979;11272
1002;1979;11509
1002;1979;11794
1002;1979;11948
1003;1979;11146
1003;1979;11204
1003;1979;11266
1003;1979;11852
1003;1979;12123
1004;1979;11190
1004;1979;11870
1004;1979;11959
1004;1979;12142
1005;1979;11229
1005;1979;11916
1005;1979;12095
1006;1979;11150
1006;1979;11200
1006;1979;11340
1006;1979;11862
1006;1979;12146
1007;1979;11122
1007;1979;11306
1007;1979;11684
1007;1979;11868
1008;1979;11150
1008;1979;11200
1008;1979;11862
1008;1979;12146
1009;1979;11294
1009;1979;11310
1009;1979;11342
1009;1979;11839
1009;1979;12005
1010;1979;11022
1010;1979;11143
1010;1979;11174
1010;1979;11356
1010;1979;11862
1011;1979;11206
1011;1979;11356
1011;1979;11368
1011;1979;11770
1012;1979;11106
1012;1979;11195
1012;1979;11359
1012;1979;11870
1012;1979;12073
1013;1979;11157
1013;1979;11251
1013;1979;11356
1013;1979;11798
1013;1979;11852
1014;1979;11424
1014;1979;11440
1014;1979;11528
1014;1979;11842
1014;1979;11878
1014;1979;11980
1014;1979;12116
1014;1979;12174
1015;1980;11005
1015;1980;11301
1015;1980;11841
1015;1980;12113
1016;1980;11435
1016;1980;11498
1016;1980;11918
1016;1980;12005
1017;1980;11447
1017;1980;11492
1017;1980;11876
1017;1980;12146
1018;1980;11263
1018;1980;11296
1018;1980;11355
1018;1980;11450
1018;1980;11870
1019;1980;11133
1019;1980;12098
1020;1980;11082
1020;1980;11409
1020;1980;12123
1021;1980;11121
1021;1980;11916
1021;1980;12070
1022;1980;11103
1022;1980;11288
1022;1980;11839
1022;1980;11970
1023;1980;11244
1023;1980;11410
1023;1980;11796
1023;1980;11799
1023;1980;12089
1024;1980;11206
1024;1980;11257
1024;1980;11796
1024;1980;12098
1025;1980;11238
1025;1980;11294
1025;1980;11356
1025;1980;11839
1026;1980;11034
1026;1980;11293
1026;1980;11899
1026;1980;12065
1027;1980;11036
1027;1980;11049
1027;1980;11842
1027;1980;12065
1028;1980;11010
1028;1980;11289
1028;1980;11852
1028;1980;12005
1029;1980;11456
1029;1980;11811
1029;1980;11980
1029;1980;12123
1030;1980;11203
1030;1980;11317
1030;1980;11357
1030;1980;11438
1030;1980;11870
1030;1980;11970
1031;1980;11123
1031;1980;11189
1031;1980;11216
1031;1980;11238
1031;1980;11356
1031;1980;11509
1031;1980;11839
1032;1981;11088
1032;1981;11823
1032;1981;12071
1033;1981;11174
1033;1981;11294
1033;1981;11811
1033;1981;12005
1034;1981;11230
1034;1981;11880
1034;1981;12072
1035;1981;11046
1035;1981;11282
1035;1981;11831
1035;1981;12079
1036;1981;11229
1036;1981;11916
1036;1981;12070
1037;1981;11206
1037;1981;11356
1037;1981;11368
1037;1981;11770
1038;1981;11157
1038;1981;11494
1038;1981;11852
1038;1981;12072
1039;1981;11206
1039;1981;11426
1039;1981;11862
1039;1981;12059
1040;1981;11022
1040;1981;11140
1040;1981;11876
1040;1981;11970
1041;1981;11069
1041;1981;11405
1041;1981;11567
1041;1981;11770
1041;1981;11970
1042;1981;11239
1042;1981;11450
1042;1981;11796
1043;1981;11122
1043;1981;11306
1043;1981;11684
1043;1981;11868
1044;1981;11377
1044;1981;11919
1044;1981;12005
1044;1981;12072
1045;1981;11242
1045;1981;11509
1045;1981;11852
1046;1981;11121
1046;1981;11916
1046;1981;12070
1047;1981;11356
1047;1981;11448
1047;1981;11473
1047;1981;11852
1048;1981;11094
1048;1981;11280
1048;1981;11842
1048;1981;12123
1049;1981;11045
1049;1981;11208
1049;1981;11330
1049;1981;11856
1050;1981;11015
1050;1981;11040
1050;1981;11144
1050;1981;11852
1050;1981;12073
1051;1981;11010
1051;1981;11870
1051;1981;12005
1052;1981;11233
1052;1981;11427
1052;1981;11899
1052;1981;12119
1053;1981;11124
1053;1981;11174
1053;1981;11193
1053;1981;11770
1053;1981;12079
1054;1981;11114
1054;1981;11774
1054;1981;12086
1055;1982;11093
1055;1982;11206
1055;1982;11862
1055;1982;11970
1055;1982;12123
1055;1982;12146
1056;1982;11034
1056;1982;11717
1056;1982;11876
1056;1982;12021
1057;1982;11006
1057;1982;11287
1057;1982;11356
1057;1982;11870
1058;1982;11125
1058;1982;11263
1058;1982;11903
1058;1982;12005
1059;1982;11131
1059;1982;11151
1059;1982;11394
1059;1982;11919
1059;1982;12072
1060;1982;11239
1060;1982;11970
1061;1982;11428
1061;1982;11483
1061;1982;11499
1061;1982;11899
1061;1982;12148
1062;1982;11294
1062;1982;11852
1062;1982;12072
1063;1982;11282
1063;1982;11510
1063;1982;11911
1063;1982;12097
1064;1982;11456
1064;1982;11811
1064;1982;11980
1064;1982;12123
1065;1982;11007
1065;1982;11264
1065;1982;11899
1065;1982;12070
1066;1982;11010
1066;1982;11870
1066;1982;12005
1067;1982;11356
1067;1982;11448
1067;1982;11473
1067;1982;11852
1068;1982;11435
1068;1982;11444
1068;1982;11747
1068;1982;12073
1069;1982;11071
1069;1982;11183
1069;1982;11869
1069;1982;12146
1070;1982;11087
1070;1982;11388
1070;1982;11890
1070;1982;11906
1070;1982;12005
1071;1982;11242
1071;1982;11852
1071;1982;12079
1072;1982;11290
1072;1982;11903
1072;1982;12001
1072;1982;12146
1073;1982;11082
1073;1982;11488
1073;1982;11862
1073;1982;12033
1073;1982;12123
1074;1983;11196
1074;1983;11258
1075;1983;11196
1075;1983;11208
1075;1983;11796
1076;1983;11196
1076;1983;11208
1076;1983;11796
1077;1983;11082
1077;1983;11409
1077;1983;11792
1077;1983;12123
1077;1983;12128
1078;1983;11206
1078;1983;11368
1078;1983;11599
1078;1983;11770
1078;1983;12079
1079;1983;11237
1079;1983;11495
1079;1983;11878
1079;1983;12116
1080;1983;11294
1080;1983;11481
1080;1983;11880
1080;1983;12072
1081;1983;11501
1081;1983;11823
1081;1983;12103
1082;1983;11272
1082;1983;11309
1082;1983;11919
1083;1983;11121
1083;1983;11916
1083;1983;12070
1084;1983;11371
1084;1983;11498
1084;1983;11862
1084;1983;12157
1085;1983;11293
1085;1983;11364
1085;1983;11899
1085;1983;12119
1086;1983;11150
1086;1983;11200
1086;1983;11340
1086;1983;11868
1086;1983;12146
1087;1983;11143
1087;1983;11426
1087;1983;11862
1088;1983;11036
1088;1983;11049
1088;1983;11842
1088;1983;12062
1089;1983;11088
1089;1983;11309
1089;1983;11338
1089;1983;11842
1090;1983;11206
1090;1983;11620
1090;1983;11796
1090;1983;11970
1091;1983;11446
1091;1983;11916
1091;1983;12105
1092;1983;11229
1092;1983;11916
1092;1983;12024
1093;1983;11010
1093;1983;11870
1093;1983;12005
1094;1983;11040
1094;1983;11146
1094;1983;11205
1094;1983;11852
1094;1983;12123
1095;1983;11291
1095;1983;12040
1096;1983;11161
1096;1983;11877
1096;1983;12055
1097;1984;11300
1097;1984;11330
1097;1984;11857
1097;1984;12015
1097;1984;12064
1098;1984;11143
1098;1984;11862
1098;1984;12116
1099;1984;11492
1099;1984;11684
1099;1984;11849
1099;1984;12086
1100;1984;11274
1100;1984;11416
1100;1984;11876
1100;1984;12009
1101;1984;11028
1101;1984;11032
1101;1984;11225
1101;1984;11309
1101;1984;11436
1101;1984;11468
1101;1984;11857
1101;1984;12005
1101;1984;12040
1101;1984;12057
1101;1984;12079
1101;1984;12105
1101;1984;12146
1102;1984;11061
1102;1984;11263
1102;1984;11798
1102;1984;11918
1102;1984;12005
1102;1984;12093
1103;1984;11230
1103;1984;11479
1103;1984;11880
1103;1984;12072
1104;1984;11438
1104;1984;11823
1104;1984;12182
1105;1984;11208
1105;1984;11456
1105;1984;11811
1105;1984;12055
1105;1984;12123
1106;1984;11069
1106;1984;11405
1106;1984;11567
1106;1984;11770
1106;1984;11970
1107;1984;11006
1107;1984;11198
1107;1984;11406
1107;1984;11916
1107;1984;12079
1108;1984;11206
1108;1984;11257
1108;1984;11356
1108;1984;11796
1109;1984;11159
1109;1984;11323
1109;1984;11890
1109;1984;12116
1110;1984;11208
1110;1984;11260
1110;1984;11876
1111;1984;11229
1111;1984;11916
1111;1984;12024
1112;1984;11150
1112;1984;11200
1112;1984;11340
1112;1984;11842
1112;1984;12146
1113;1984;11993
1114;1984;11264
1114;1984;11817
1114;1984;12071
1115;1985;11282
1115;1985;11356
1115;1985;11448
1115;1985;11886
1116;1985;11208
1116;1985;11468
1117;1985;11272
1117;1985;11919
1117;1985;12114
1118;1985;11034
1118;1985;11916
1118;1985;12013
1118;1985;12070
1119;1985;11356
1119;1985;11376
1119;1985;11507
1119;1985;11868
1119;1985;12058
1120;1985;11107
1120;1985;11143
1120;1985;11426
1120;1985;11842
1121;1985;11275
1121;1985;11313
1121;1985;11878
1121;1985;12013
1122;1985;11010
1122;1985;11870
1122;1985;12005
1123;1985;11238
1123;1985;11501
1123;1985;11823
1123;1985;12103
1124;1985;11097
1124;1985;11140
1124;1985;11876
1124;1985;12040
1125;1985;11427
1125;1985;11428
1125;1985;11899
1125;1985;12148
1126;1985;11133
1126;1985;11450
1126;1985;11887
1126;1985;12086
1127;1985;11242
1127;1985;11852
1127;1985;12079
1128;1985;11071
1128;1985;11183
1128;1985;11867
1128;1985;12005
1129;1985;11022
1129;1985;11208
1129;1985;11857
1130;1985;11365
1130;1985;11447
1130;1985;11919
1130;1985;12146
1131;1985;11093
1131;1985;11206
1131;1985;11862
1131;1985;12123
1131;1985;12146
1132;1985;11019
1132;1985;11717
1132;1985;11911
1132;1985;12021
1133;1985;11272
1133;1985;12114
1134;1986;11371
1134;1986;11862
1134;1986;12157
1135;1986;11010
1135;1986;11870
1135;1986;12005
1136;1986;11356
1136;1986;11368
1136;1986;11498
1136;1986;11770
1137;1986;11042
1137;1986;11446
1137;1986;11899
1137;1986;12105
1138;1986;11381
1138;1986;11438
1138;1986;11808
1138;1986;12182
1139;1986;11165
1139;1986;11488
1139;1986;11857
1139;1986;12073
1140;1986;11093
1140;1986;11206
1140;1986;11376
1140;1986;11862
1140;1986;12123
1141;1986;11077
1141;1986;11324
1141;1986;11876
1141;1986;11970
1142;1986;11131
1142;1986;11151
1142;1986;11356
1142;1986;11919
1143;1986;11040
1143;1986;11852
1143;1986;12123
1144;1986;11272
1144;1986;11279
1144;1986;11919
1144;1986;12114
1145;1986;11006
1145;1986;11022
1145;1986;11356
1145;1986;11870
1146;1986;11159
1146;1986;11323
1146;1986;11890
1146;1986;12116
1147;1986;11174
1147;1986;11193
1147;1986;11770
1147;1986;12079
1148;1986;11146
1148;1986;11266
1148;1986;11852
1148;1986;11880
1148;1986;12123
1149;1986;11231
1149;1986;11456
1149;1986;11650
1149;1986;11811
1149;1986;12104
1150;1986;11037
1150;1986;11331
1150;1986;11424
1150;1986;11570
1150;1986;11845
1150;1986;11980
1151;1987;11403
1151;1987;11886
1151;1987;12040
1152;1987;11039
1152;1987;11388
1152;1987;11890
1152;1987;12005
1153;1987;11242
1153;1987;11852
1153;1987;12079
1154;1987;11239
1154;1987;11796
1154;1987;12013
1155;1987;11017
1155;1987;11157
1155;1987;11247
1155;1987;11277
1155;1987;11650
1155;1987;11654
1155;1987;11754
1155;1987;11823
1155;1987;12079
1156;1987;11468
1157;1987;11294
1157;1987;11333
1157;1987;11852
1157;1987;12072
1158;1987;11262
1158;1987;11415
1158;1987;11916
1158;1987;11941
1158;1987;11969
1158;1987;12013
1158;1987;12119
1158;1987;12126
1159;1987;11022
1159;1987;11155
1159;1987;11285
1159;1987;11442
1159;1987;11443
1159;1987;11840
1159;1987;12031
1160;1987;11045
1160;1987;11330
1160;1987;11857
1160;1987;12070
1161;1987;11059
1161;1987;11071
1161;1987;11886
1161;1987;12005
1162;1987;11097
1162;1987;11140
1162;1987;11647
1162;1987;11708
1162;1987;11876
1162;1987;12040
1163;1987;11055
1163;1987;11450
1163;1987;11923
1163;1987;12086
1164;1987;11201
1164;1987;11263
1164;1987;11903
1164;1987;12161
1165;1987;11229
1165;1987;11916
1165;1987;12157
1166;1987;11309
1166;1987;11464
1166;1987;11468
184;1988;11260
184;1988;11876
184;1988;12058
1167;1988;11082
1167;1988;11241
1167;1988;11409
1167;1988;11468
1167;1988;11862
1167;1988;11930
1167;1988;12031
1168;1988;11143
1168;1988;11862
1169;1988;11515
1169;1988;11809
1170;1988;11022
1170;1988;11208
1170;1988;11857
1171;1988;11091
1171;1988;11576
1171;1988;11890
1171;1988;12116
1172;1988;11069
1172;1988;11405
1172;1988;11770
1172;1988;11970
1173;1988;11159
1173;1988;11323
1173;1988;11890
1173;1988;12116
1174;1988;11206
1174;1988;11368
1174;1988;11770
1174;1988;12148
1175;1988;11174
1175;1988;11193
1175;1988;11770
1175;1988;12079
1176;1988;11438
1176;1988;11808
1176;1988;12146
1177;1988;11208
1177;1988;11468
1178;1988;11136
1178;1988;11282
1178;1988;11356
1178;1988;11448
1178;1988;11754
1178;1988;12146
1179;1988;11107
1179;1988;11143
1179;1988;11426
1179;1988;11842
1180;1988;11018
1180;1988;11417
1180;1988;11799
1180;1988;12070
1181;1988;11294
1181;1988;11333
1181;1988;11560
1181;1988;11766
1181;1988;11852
1181;1988;12072
1181;1988;12175
1182;1988;11220
1182;1988;11329
1182;1988;11491
1182;1988;11501
1182;1988;11859
1183;1988;11476
1183;1988;11796
1183;1988;12123
1184;1988;11386
1184;1988;11414
1184;1988;11840
1184;1988;12072
1185;1988;11010
1185;1988;11870
1185;1988;12005
1186;1988;11131
1186;1988;11356
1186;1988;11919
1188;1988;11006
1188;1988;11899
1188;1988;12146
1189;1989;11080
1189;1989;11167
1189;1989;11939
1190;1989;11089
1190;1989;11220
1190;1989;11393
1190;1989;11846
1190;1989;11868
1190;1989;11886
1190;1989;12104
1191;1989;11067
1191;1989;11916
1191;1989;12114
1192;1989;11424
1192;1989;11845
1192;1989;11980
1193;1989;11206
1193;1989;11620
1193;1989;11796
1193;1989;12148
1194;1989;11208
1194;1989;11468
1195;1989;11198
1195;1989;11216
1195;1989;11509
1195;1989;11868
1195;1989;11886
1195;1989;12146
1196;1989;11143
1196;1989;11862
1197;1989;11107
1197;1989;11143
1197;1989;11426
1197;1989;11842
1198;1989;11093
1198;1989;11206
1198;1989;11208
1198;1989;11384
1198;1989;11625
1198;1989;11862
1199;1989;11022
1199;1989;11443
1199;1989;11890
1199;1989;12141
1200;1989;11440
1200;1989;11842
1200;1989;12116
1201;1989;11105
1201;1989;11772
1201;1989;12016
1201;1989;12056
1201;1989;12079
1202;1989;11088
1202;1989;11823
1202;1989;12058
1203;1989;11070
1203;1989;11108
1203;1989;11433
1203;1989;11913
1203;1989;11914
1203;1989;12019
1204;1989;11205
1204;1989;11208
1204;1989;11220
1204;1989;11249
1204;1989;11285
1204;1989;11857
1204;1989;12105
1205;1989;11129
1205;1989;11208
1205;1989;11382
1205;1989;11468
1206;1990;11070
1206;1990;11108
1206;1990;11352
1206;1990;11433
1206;1990;11909
1207;1990;11206
1207;1990;11368
1207;1990;11913
1207;1990;12116
1208;1990;11093
1208;1990;11234
1208;1990;11826
1208;1990;11862
1208;1990;12046
1208;1990;12123
1209;1990;11174
1209;1990;11193
1209;1990;11349
1209;1990;11596
1209;1990;11770
1209;1990;11845
1209;1990;12079
1210;1990;11208
1210;1990;11375
1210;1990;11478
1210;1990;11857
1211;1990;11227
1211;1990;11263
1211;1990;11890
1211;1990;12024
1212;1990;11140
1212;1990;11208
1212;1990;11468
1213;1990;11294
1213;1990;11333
1213;1990;11852
1213;1990;12072
1213;1990;12105
1214;1990;11220
1214;1990;11380
1214;1990;11501
1214;1990;11823
1215;1990;11008
1215;1990;11010
1215;1990;11241
1215;1990;11529
1215;1990;11544
1215;1990;11707
1215;1990;11712
1215;1990;11852
1215;1990;12005
1216;1990;11188
1216;1990;11380
1216;1990;11464
1216;1990;11852
1216;1990;12058
1217;1990;11093
1217;1990;11206
1217;1990;11862
1217;1990;12123
1217;1990;12131
1218;1990;11006
1218;1990;11052
1218;1990;11899
1218;1990;12079
1219;1990;11225
1219;1990;11250
1219;1990;11616
1219;1990;11899
1219;1990;12071
1220;1990;11022
1220;1990;11285
1220;1990;11814
1220;1990;12146
496;1991;11071
496;1991;11292
496;1991;11886
496;1991;12005
496;1991;12058
496;1991;12072
496;1991;12105
1221;1991;11117
1221;1991;11376
1221;1991;11842
1221;1991;11963
1222;1991;11448
1222;1991;11468
1222;1991;12150
1223;1991;11405
1223;1991;11845
1223;1991;11970
1224;1991;11237
1224;1991;11400
1224;1991;11762
1224;1991;11861
1224;1991;12060
1225;1991;11242
1225;1991;11852
1225;1991;12158
1226;1991;11143
1226;1991;11862
1226;1991;12060
1227;1991;11201
1227;1991;11868
1227;1991;11886
1227;1991;12104
1228;1991;11034
1228;1991;11916
1228;1991;12055
1229;1991;11208
1229;1991;11258
1229;1991;11890
1230;1991;11174
1230;1991;11193
1230;1991;11566
1230;1991;11577
1230;1991;11580
1230;1991;11899
1230;1991;12079
1231;1991;11072
1231;1991;11368
1231;1991;11450
1231;1991;12158
1232;1991;11237
1232;1991;11322
1232;1991;11376
1232;1991;11462
1232;1991;11463
1233;1991;11002
1233;1991;11082
1233;1991;11150
1233;1991;11200
1233;1991;11340
1233;1991;11546
1233;1991;11554
1233;1991;12073
1235;1991;11083
1235;1991;11374
1235;1991;11448
1235;1991;11706
1235;1991;11866
1235;1991;12003
1235;1991;12146
1236;1991;11022
1236;1991;11284
1236;1991;11445
1236;1991;11880
1236;1991;12146
1237;1991;11502
1237;1991;11862
1237;1991;12072
1238;1991;11191
1238;1991;11208
1238;1991;11375
1240;1992;11208
1240;1992;11284
1240;1992;11615
1240;1992;11880
1241;1992;11361
1241;1992;11515
1241;1992;11913
1241;1992;12004
1241;1992;12103
1241;1992;12134
1242;1992;11082
1242;1992;11243
1242;1992;11778
1242;1992;12072
1243;1992;11249
1243;1992;11327
1243;1992;11381
1243;1992;11615
1243;1992;11743
1243;1992;11829
1243;1992;12006
1244;1992;11070
1244;1992;11132
1244;1992;11352
1244;1992;11433
1244;1992;11909
1245;1992;11040
1245;1992;11146
1245;1992;11876
1245;1992;12009
1246;1992;11198
1246;1992;11349
1246;1992;11523
1246;1992;11778
1246;1992;11926
1246;1992;12058
1247;1992;11082
1247;1992;11093
1247;1992;11206
1247;1992;11249
1247;1992;11376
1247;1992;11403
1247;1992;11597
1247;1992;11842
1248;1992;11096
1248;1992;11508
1248;1992;11840
1248;1992;12073
1249;1992;11220
1249;1992;11568
1249;1992;11824
1249;1992;11848
1249;1992;11890
1250;1992;11022
1250;1992;11182
1250;1992;11443
1250;1992;11890
1250;1992;12141
1250;1992;12146
1251;1992;11513
1251;1992;11568
1251;1992;11847
1251;1992;12104
1252;1992;11469
1252;1992;11588
1252;1992;11823
1252;1992;12026
1253;1992;11123
1253;1992;11128
1253;1992;11327
1253;1992;11829
1253;1992;12006
1254;1992;11143
1254;1992;11426
1254;1992;11602
1254;1992;11620
1254;1992;11842
1255;1992;11424
1255;1992;11568
1255;1992;11845
1255;1992;11927
1256;1992;11159
1256;1992;11473
1256;1992;11890
1256;1992;12116
1257;1992;11224
1257;1992;11313
1257;1992;11866
1257;1992;12058
1258;1992;11123
1258;1992;11128
1258;1992;11208
1258;1992;11388
1258;1992;11393
1258;1992;11639
1258;1992;11823
1259;1993;11080
1259;1993;11322
1259;1993;11335
1259;1993;11388
1259;1993;11568
1259;1993;11745
1259;1993;12031
1259;1993;12124
1260;1993;11272
1260;1993;11482
1260;1993;11822
1261;1993;11272
1261;1993;11482
1261;1993;11559
1261;1993;11673
1261;1993;11712
1261;1993;11822
1261;1993;11889
1262;1993;11093
1262;1993;11206
1262;1993;11620
1262;1993;11862
1262;1993;12123
1263;1993;11150
1263;1993;11200
1263;1993;11340
1263;1993;11876
1263;1993;12072
1263;1993;12073
1264;1993;11206
1264;1993;11368
1264;1993;11770
1264;1993;12116
1265;1993;11352
1265;1993;11433
1265;1993;11543
1265;1993;11620
1265;1993;11746
1265;1993;11909
1266;1993;11294
1266;1993;11333
1266;1993;11620
1266;1993;11852
1266;1993;12072
1267;1993;11082
1267;1993;11352
1267;1993;11409
1267;1993;11796
1267;1993;12011
1267;1993;12068
1267;1993;12118
1268;1993;11154
1268;1993;11412
1268;1993;11568
1268;1993;11890
1268;1993;12087
1269;1993;11155
1269;1993;11182
1269;1993;11208
1269;1993;11220
1269;1993;11592
1269;1993;11890
1269;1993;12067
1269;1993;12074
1270;1993;11196
1270;1993;11524
1270;1993;11539
1270;1993;11796
1270;1993;12116
1271;1993;11022
1271;1993;11208
1271;1993;11857
1272;1993;11256
1272;1993;11388
1272;1993;11411
1272;1993;11472
1272;1993;11643
1272;1993;11692
1272;1993;11740
1272;1993;11763
1272;1993;12085
1273;1993;11093
1273;1993;11206
1273;1993;11640
1273;1993;11642
1273;1993;11721
1273;1993;11862
1273;1993;12123
1274;1993;11072
1274;1993;11450
1274;1993;11588
1274;1993;11913
1274;1993;12158
1276;1994;11067
1276;1994;11250
1276;1994;11422
1276;1994;11564
1276;1994;11916
1276;1994;12009
1277;1994;11169
1277;1994;11220
1277;1994;11358
1277;1994;11627
1277;1994;11873
1278;1994;11143
1278;1994;11828
1278;1994;11842
1278;1994;12118
1279;1994;11039
1279;1994;11159
1279;1994;11388
1279;1994;11473
1279;1994;11613
1279;1994;11890
1279;1994;12116
1280;1994;11091
1280;1994;11372
1280;1994;11614
1280;1994;11697
1280;1994;11890
1280;1994;12116
1281;1994;11143
1281;1994;11426
1281;1994;11842
1282;1994;11088
1282;1994;11620
1282;1994;11642
1282;1994;11709
1282;1994;11717
1282;1994;12009
1283;1994;11154
1283;1994;11270
1283;1994;11326
1283;1994;11913
1284;1994;11150
1284;1994;11200
1284;1994;11340
1284;1994;12180
1285;1994;11134
1285;1994;11254
1285;1994;11666
1285;1994;11724
1285;1994;12174
1286;1994;11024
1286;1994;11140
1286;1994;11468
1286;1994;11861
1287;1994;11105
1287;1994;11231
1287;1994;11456
1287;1994;11730
1287;1994;11735
1287;1994;11811
1287;1994;12104
1288;1994;11006
1288;1994;11297
1288;1994;11524
1288;1994;11624
1288;1994;11899
1288;1994;12158
1289;1994;11040
1289;1994;11041
1289;1994;11146
1289;1994;11395
1289;1994;11422
1289;1994;11788
1289;1994;11842
1289;1994;12027
1289;1994;12168
1290;1995;11010
1290;1995;11123
1290;1995;11712
1290;1995;11852
1290;1995;11872
1290;1995;12005
1291;1995;11015
1291;1995;11096
1291;1995;11508
1291;1995;11840
1291;1995;12073
1292;1995;11152
1292;1995;11433
1292;1995;11470
1292;1995;11819
1292;1995;11828
1293;1995;11082
1293;1995;11107
1293;1995;12148
1294;1995;11206
1294;1995;11376
1294;1995;11403
1294;1995;11702
1294;1995;11857
1294;1995;11886
1294;1995;12073
1294;1995;12156
1295;1995;11082
1295;1995;11796
1295;1995;11951
1295;1995;12031
1295;1995;12123
1296;1995;11031
1296;1995;11140
1296;1995;11154
1296;1995;11521
1296;1995;11745
1296;1995;11784
1296;1995;11861
1296;1995;11932
1297;1995;11271
1297;1995;11294
1297;1995;11333
1297;1995;11620
1297;1995;11672
1297;1995;12141
1298;1995;11062
1298;1995;11127
1298;1995;11352
1298;1995;11433
1298;1995;11470
1298;1995;11635
1299;1995;11433
1299;1995;11714
1299;1995;12045
1299;1995;12106
1299;1995;12155
1300;1995;11082
1300;1995;11810
1300;1995;11858
1300;1995;11942
1300;1995;12066
1301;1995;11208
1301;1995;11284
1301;1995;11880
1302;1995;11154
1302;1995;11224
1302;1995;11388
1302;1995;11528
1303;1995;11123
1303;1995;11193
1303;1995;11263
1303;1995;11368
1303;1995;11376
1303;1995;11448
1303;1995;11473
1303;1995;11588
1303;1995;11590
1303;1995;11770
1303;1995;11856
1303;1995;11890
1303;1995;12079
1303;1995;12104
1304;1996;11206
1304;1996;11381
1304;1996;11446
1304;1996;11582
1304;1996;11623
1304;1996;12116
1305;1996;11219
1305;1996;11388
1305;1996;11393
1305;1996;11419
1305;1996;11745
1305;1996;11890
1305;1996;11909
1305;1996;12104
1305;1996;12111
1306;1996;11389
1306;1996;11852
1306;1996;12079
1307;1996;11093
1307;1996;11206
1307;1996;11649
1307;1996;11862
1307;1996;12123
1308;1996;11034
1308;1996;11916
1308;1996;12055
1308;1996;12079
1309;1996;11225
1309;1996;11307
1309;1996;11806
1309;1996;12031
1309;1996;12174
1310;1996;11093
1310;1996;11347
1310;1996;11786
1310;1996;11861
1310;1996;12008
1311;1996;11330
1311;1996;11613
1311;1996;11857
1311;1996;12070
1312;1996;11040
1312;1996;11146
1312;1996;11529
1312;1996;11548
1312;1996;11840
1312;1996;12009
1313;1996;11214
1313;1996;11356
1313;1996;11368
1313;1996;11680
1313;1996;11722
1313;1996;11842
1314;1996;11138
1314;1996;11368
1314;1996;11450
1314;1996;11899
1314;1996;12158
1315;1996;11030
1315;1996;11076
1315;1996;11143
1315;1996;11341
1315;1996;11353
1315;1996;11426
1315;1996;11433
1315;1996;11486
1315;1996;11515
1315;1996;11541
1315;1996;11660
1315;1996;11714
1315;1996;11738
1315;1996;11749
1315;1996;11809
1315;1996;11842
1315;1996;11986
1315;1996;12030
1315;1996;12034
1315;1996;12045
1315;1996;12072
1315;1996;12118
1315;1996;12155
1316;1996;11237
1316;1996;11388
1316;1996;12079
1317;1997;11010
1317;1997;11579
1317;1997;11586
1317;1997;11820
1317;1997;11852
1317;1997;12005
1318;1997;11082
1318;1997;11409
1318;1997;11857
1318;1997;11951
1318;1997;12116
1319;1997;11297
1319;1997;11368
1319;1997;11468
1319;1997;11588
1319;1997;12150
1320;1997;11117
1320;1997;11620
1320;1997;11655
1320;1997;11745
1320;1997;11842
1320;1997;11963
1320;1997;12104
1321;1997;11014
1321;1997;11381
1321;1997;11880
1321;1997;12031
1322;1997;11206
1322;1997;11620
1322;1997;11840
1322;1997;12079
1323;1997;11001
1323;1997;11214
1323;1997;11224
1323;1997;11356
1323;1997;11612
1323;1997;11726
1323;1997;11797
1323;1997;12146
1324;1997;11368
1324;1997;11472
1324;1997;11522
1324;1997;11745
1324;1997;11856
1324;1997;12085
1325;1997;11344
1325;1997;11446
1325;1997;11807
1325;1997;11935
1326;1997;11315
1326;1997;11376
1326;1997;11381
1326;1997;11528
1326;1997;11611
1327;1997;11033
1327;1997;11175
1327;1997;11179
1327;1997;11311
1327;1997;11568
1328;1997;11149
1328;1997;11200
1328;1997;11301
1328;1997;11376
1328;1997;11876
1329;1997;11381
1329;1997;11440
1329;1997;11559
1329;1997;11620
1329;1997;11649
1329;1997;11657
1329;1997;11720
1329;1997;11842
1329;1997;12116
1330;1997;11468
1330;1997;11636
1330;1997;12150
1331;1997;11268
1331;1997;11543
1331;1997;11573
1331;1997;11850
1331;1997;11926
1331;1997;12087
1332;1998;11065
1332;1998;11220
1332;1998;11585
1332;1998;11699
1332;1998;11753
1332;1998;12051
1333;1998;11275
1333;1998;11453
1333;1998;11920
1333;1998;12052
1333;1998;12097
1334;1998;11048
1334;1998;11372
1334;1998;11793
1334;1998;11837
1334;1998;11893
1334;1998;11949
1334;1998;11950
1334;1998;11953
1334;1998;11958
1334;1998;11964
1334;1998;11966
1334;1998;11968
1334;1998;11972
1334;1998;11980
1334;1998;11991
1334;1998;11995
1334;1998;11998
1334;1998;12049
1334;1998;12102
1335;1998;11344
1335;1998;11393
1335;1998;11637
1335;1998;11780
1335;1998;11854
1335;1998;12049
1335;1998;12138
1335;1998;12159
1336;1998;11082
1336;1998;11105
1336;1998;11206
1336;1998;11381
1336;1998;11456
1336;1998;11611
1336;1998;11620
1336;1998;11745
1336;1998;11772
1336;1998;11902
1336;1998;11913
1336;1998;12056
1336;1998;12116
1337;1998;11073
1337;1998;11180
1337;1998;11452
1337;1998;11782
1337;1998;12056
1338;1998;11232
1338;1998;11322
1338;1998;11714
1338;1998;12086
1339;1998;11029
1339;1998;11343
1339;1998;11645
1339;1998;11933
1339;1998;12007
1340;1998;11143
1340;1998;11388
1340;1998;11426
1340;1998;11477
1340;1998;11611
1340;1998;11714
1340;1998;11842
1341;1998;11388
1341;1998;11433
1341;1998;11851
1341;1998;11910
1341;1998;12101
1343;1998;11162
1343;1998;11198
1343;1998;11210
1343;1998;11349
1343;1998;11779
1343;1998;11908
1343;1998;12073
1344;1998;11306
1344;1998;11376
1344;1998;11542
1344;1998;11886
1345;1998;11062
1345;1998;11246
1345;1998;11352
1345;1998;11821
1346;1998;11156
1346;1998;11610
1346;1998;11727
1346;1998;11843
1346;1998;12118
1347;1998;11013
1347;1998;11458
1347;1998;11485
1347;1998;11508
1347;1998;11636
1347;1998;11695
1347;1998;11840
1347;1998;12158
1348;1998;11075
1348;1998;11255
1348;1998;11656
1348;1998;11713
1348;1998;11938
1348;1998;12069
1349;1998;11143
1349;1998;11193
1349;1998;11770
1351;1999;11154
1351;1999;11237
1351;1999;11388
1351;1999;11890
1352;1999;11201
1352;1999;11263
1352;1999;11655
1352;1999;11745
1352;1999;11886
1352;1999;12104
1353;1999;11143
1353;1999;11174
1353;1999;11193
1353;1999;11669
1353;1999;11770
1354;1999;11405
1354;1999;11525
1354;1999;11976
1354;1999;12083
1355;1999;11515
1355;1999;12023
1355;1999;12076
1356;1999;11295
1356;1999;11619
1356;1999;11620
1356;1999;11765
1356;1999;12018
1357;1999;11169
1357;1999;11344
1357;1999;11568
1357;1999;11864
1358;1999;11208
1358;1999;11322
1358;1999;11463
1358;1999;11526
1358;1999;11559
1358;1999;11653
1358;1999;11703
1358;1999;11885
1358;1999;12010
1359;1999;11302
1359;1999;11400
1359;1999;11610
1359;1999;12020
1360;1999;11433
1360;1999;11455
1360;1999;11729
1360;1999;11910
1360;1999;12101
1361;1999;11067
1361;1999;11512
1361;1999;11649
1361;1999;11770
1361;1999;12009
1362;1999;11054
1362;1999;11368
1362;1999;11688
1362;1999;11770
1362;1999;11997
1362;1999;12116
1363;1999;11191
1363;1999;11375
1363;1999;11388
1363;1999;12041
1363;1999;12117
1364;1999;11033
1364;1999;11175
1364;1999;11181
1364;1999;11311
1364;1999;11568
1365;1999;11154
1365;1999;11226
1365;1999;11326
1365;1999;11388
1365;1999;11623
1365;1999;11913
1366;1999;11023
1366;1999;11086
1366;1999;11322
1366;1999;12110
1367;1999;11178
1367;1999;11405
1367;1999;11601
1367;1999;11638
1367;1999;11748
1367;1999;11790
1367;1999;11970
1368;1999;11465
1368;1999;11480
1368;1999;11568
1368;1999;11777
1368;1999;12171
1369;1999;11130
1369;1999;11283
1369;1999;11936
1369;1999;12147
1370;1999;11085
1370;1999;11258
1370;1999;11388
1370;1999;11542
1370;1999;11890
1370;1999;12049
1371;1999;11063
1371;1999;11325
1371;1999;11344
1371;1999;11376
1371;1999;11528
1371;1999;11859
1372;1999;11091
1372;1999;11572
1372;1999;11617
1372;1999;11655
1372;1999;11745
1372;1999;11825
1372;1999;11890
1372;1999;12116
1373;1999;11383
1373;1999;11466
1373;1999;11698
1373;1999;11704
1373;1999;11813
1373;1999;12082
1374;1999;11143
1374;1999;11388
1374;1999;11581
1374;1999;11745
1374;1999;11823
1375;1999;11110
1375;1999;11418
1375;1999;11504
1375;1999;11527
1375;1999;11846
1375;1999;12103
1376;1999;11194
1376;1999;11209
1376;1999;11294
1376;1999;11524
1376;1999;11537
1376;1999;11567
1376;1999;11620
1376;1999;11665
1376;1999;11737
1376;1999;11802
1376;1999;12178
1377;1999;11016
1377;1999;11064
1377;1999;12164
1378;1999;11986
1380;2000;11155
1380;2000;11208
1380;2000;11589
1380;2000;11593
1380;2000;11594
1380;2000;11632
1380;2000;11702
1380;2000;11712
1380;2000;11890
1381;2000;11020
1381;2000;11050
1381;2000;11460
1381;2000;11472
1381;2000;11545
1381;2000;11838
1381;2000;12041
1381;2000;12047
1382;2000;11120
1382;2000;11315
1382;2000;11568
1382;2000;11871
1382;2000;12117
1383;2000;11194
1383;2000;11238
1383;2000;11294
1383;2000;11801
1383;2000;12178
1384;2000;11143
1384;2000;11206
1384;2000;11449
1384;2000;11669
1384;2000;11821
1385;2000;11208
1385;2000;11284
1385;2000;11368
1385;2000;11454
1385;2000;11899
1386;2000;11054
1386;2000;11272
1386;2000;11533
1386;2000;11752
1386;2000;12006
1387;2000;11062
1387;2000;11075
1387;2000;11148
1387;2000;11255
1387;2000;11667
1387;2000;11713
1387;2000;11771
1387;2000;12069
1388;2000;11314
1388;2000;11437
1388;2000;11896
1388;2000;11910
1388;2000;12006
1388;2000;12129
1388;2000;12164
1389;2000;11191
1389;2000;11206
1389;2000;11344
1389;2000;11610
1389;2000;11727
1390;2000;11115
1390;2000;11637
1390;2000;11815
1390;2000;11861
1390;2000;11904
1390;2000;12154
1391;2000;11035
1391;2000;11062
1391;2000;11236
1391;2000;11352
1391;2000;11821
1392;2000;11020
1392;2000;11263
1392;2000;11294
1392;2000;11333
1392;2000;11607
1392;2000;11634
1392;2000;11802
1392;2000;12072
1393;2000;11394
1393;2000;11482
1393;2000;11610
1393;2000;11727
1393;2000;11925
1393;2000;12115
1394;2000;11160
1394;2000;11388
1394;2000;11474
1394;2000;11542
1394;2000;11854
1394;2000;12041
1395;2000;11200
1395;2000;11313
1395;2000;11783
1395;2000;12116
1396;2000;11286
1396;2000;11339
1396;2000;11511
1396;2000;11756
1396;2000;12100
1397;2000;11075
1397;2000;11255
1397;2000;11568
1397;2000;11771
1397;2000;12069
1398;2000;11104
1398;2000;11891
1398;2000;12181
1399;2000;11218
1399;2000;11532
1399;2000;11552
1399;2000;11934
1399;2000;12152
1400;2000;11013
1400;2000;11079
1400;2000;11485
1400;2000;11508
1400;2000;11584
1400;2000;11840
1400;2000;12058
1401;2000;11388
1401;2000;11433
1401;2000;11728
1401;2000;11910
1401;2000;12101
1402;2000;11143
1402;2000;11174
1402;2000;11193
1402;2000;11669
1402;2000;11770
1403;2000;11468
1403;2000;11636
1403;2000;11914
1403;2000;12150
1404;2000;11231
1404;2000;11309
1404;2000;11456
1404;2000;11583
1404;2000;11694
1404;2000;11714
1404;2000;11730
1404;2000;11811
1404;2000;12056
1404;2000;12090
1404;2000;12104
1404;2000;12132
1404;2000;12160
1404;2000;12177
1405;2000;11379
1405;2000;11457
1405;2000;11542
1405;2000;11859
1405;2000;12117
1406;2001;11107
1406;2001;11388
1406;2001;11603
1406;2001;11633
1406;2001;11719
1406;2001;11842
1406;2001;12041
1406;2001;12042
1406;2001;12072
1406;2001;12073
1407;2001;11224
1407;2001;11313
1407;2001;11579
1407;2001;11866
1407;2001;12116
1408;2001;11328
1408;2001;11556
1408;2001;12028
1409;2001;11062
1409;2001;11148
1409;2001;11332
1409;2001;11352
1409;2001;11821
1410;2001;11010
1410;2001;11579
1410;2001;11636
1410;2001;11852
1410;2001;12005
1411;2001;11079
1411;2001;11345
1411;2001;11508
1411;2001;11584
1411;2001;11840
1411;2001;12112
1412;2001;11206
1412;2001;11326
1412;2001;11348
1412;2001;11388
1412;2001;11610
1412;2001;11727
1412;2001;11879
1412;2001;11913
1412;2001;12147
1413;2001;11198
1413;2001;11349
1413;2001;12121
1414;2001;11446
1415;2001;11388
1415;2001;11475
1415;2001;11756
1415;2001;12049
1416;2001;11140
1416;2001;11206
1416;2001;11253
1416;2001;11322
1416;2001;11531
1416;2001;12007
1417;2001;11012
1417;2001;11575
1417;2001;11859
1418;2001;11225
1418;2001;11307
1418;2001;11309
1418;2001;11705
1418;2001;11806
1419;2001;11330
1419;2001;11354
1419;2001;11385
1419;2001;11695
1419;2001;11857
1420;2001;11393
1420;2001;11620
1420;2001;11637
1420;2001;11756
1420;2001;12150
1421;2001;11044
1421;2001;11188
1421;2001;11202
1421;2001;11366
1421;2001;11629
1421;2001;11675
1421;2001;11929
1422;2001;11042
1422;2001;11428
1422;2001;11536
1422;2001;11899
1422;2001;12148
1423;2001;11047
1423;2001;11555
1423;2001;11568
1423;2001;11604
1423;2001;11769
1423;2001;11882
1424;2001;11399
1424;2001;11628
1424;2001;11723
1424;2001;11865
1424;2001;12081
1425;2001;11159
1425;2001;11385
1425;2001;11623
1425;2001;11712
1425;2001;11866
1426;2002;11048
1426;2002;11568
1426;2002;11771
1426;2002;12102
1427;2002;11465
1427;2002;11480
1427;2002;11568
1427;2002;11760
1427;2002;11988
1427;2002;12163
1428;2002;11084
1428;2002;11292
1428;2002;11736
1428;2002;11781
1428;2002;11977
1428;2002;12003
1429;2002;11102
1429;2002;11376
1429;2002;11622
1429;2002;11702
1429;2002;11756
1430;2002;11066
1430;2002;11637
1430;2002;11651
1430;2002;11871
1430;2002;11999
1430;2002;12058
1431;2002;11259
1431;2002;11391
1432;2002;11113
1432;2002;11194
1432;2002;11376
1432;2002;11403
1432;2002;11702
1432;2002;11886
1432;2002;12039
1432;2002;12104
1433;2002;11269
1433;2002;11276
1433;2002;11388
1433;2002;11756
1433;2002;12108
1434;2002;11220
1434;2002;11482
1434;2002;11613
1434;2002;11804
1434;2002;11840
1434;2002;12080
1435;2002;11095
1435;2002;11344
1435;2002;11610
1435;2002;11727
1435;2002;11910
1436;2002;11065
1436;2002;11388
1436;2002;11613
1436;2002;11840
1436;2002;12123
1437;2002;11054
1437;2002;11145
1437;2002;11637
1437;2002;11682
1437;2002;11840
1437;2002;11883
1438;2002;11022
1438;2002;11208
1438;2002;11462
1438;2002;11613
1438;2002;11731
1438;2002;11856
1439;2002;11020
1439;2002;11344
1439;2002;11351
1439;2002;11545
1439;2002;11863
1440;2002;11063
1440;2002;11080
1440;2002;11086
1440;2002;11322
1440;2002;11419
1440;2002;12031
1441;2002;11143
1441;2002;11174
1441;2002;11193
1441;2002;11669
1441;2002;11770
1442;2002;11011
1442;2002;11049
1442;2002;11081
1442;2002;11201
1442;2002;11432
1442;2002;11542
1442;2002;11886
1442;2002;12104
1443;2002;11171
1443;2002;11176
1443;2002;11207
1443;2002;11221
1443;2002;11434
1443;2002;11608
1443;2002;11637
1443;2002;11838
1443;2002;12183
1444;2002;11009
1444;2002;11662
1444;2002;11829
1444;2002;12087
1445;2002;11112
1445;2002;11658
1445;2002;11789
1445;2002;12094
1446;2002;11309
1446;2002;11451
1446;2002;11636
1446;2002;11759
1447;2002;11168
1447;2002;11405
1447;2002;11674
1447;2002;11853
1447;2002;11970
1448;2002;11006
1448;2002;11277
1448;2002;11579
1448;2002;11899
1448;2002;12123
1449;2002;11065
1449;2002;11071
1449;2002;11610
1449;2002;11671
1449;2002;11727
1449;2002;12049
1450;2002;11356
1450;2002;11376
1450;2002;11462
1450;2002;11712
1450;2002;11750
1451;2002;11143
1451;2002;11669
1451;2002;11823
1452;2002;11220
1452;2002;11425
1452;2002;11513
1452;2002;11637
1452;2002;11894
1453;2002;11063
1453;2002;11068
1453;2002;11578
1453;2002;11829
1453;2002;11955
1453;2002;12148
1454;2002;11143
1454;2002;11426
1454;2002;11689
1454;2002;11842
1455;2002;11173
1455;2002;11297
1455;2002;11834
1455;2002;12135
1456;2002;11140
1456;2002;11154
1456;2002;11206
1456;2002;11512
1456;2002;11531
1456;2002;11842
1457;2002;11115
1457;2002;11468
1457;2002;11636
1457;2002;12058
1458;2003;11154
1458;2003;11326
1458;2003;11613
1458;2003;11840
1459;2003;11020
1459;2003;11574
1459;2003;11805
1459;2003;12118
1460;2003;11025
1460;2003;11248
1460;2003;11286
1460;2003;11301
1460;2003;11339
1460;2003;11344
1460;2003;11351
1460;2003;11367
1460;2003;11379
1460;2003;11457
1460;2003;11475
1460;2003;11487
1460;2003;11511
1460;2003;11542
1460;2003;11751
1460;2003;11755
1460;2003;11844
1460;2003;11892
1460;2003;12041
1460;2003;12049
1460;2003;12063
1461;2003;11245
1461;2003;11397
1461;2003;11493
1461;2003;11542
1461;2003;11658
1461;2003;11884
1461;2003;12038
1462;2003;11368
1462;2003;11472
1462;2003;11770
1462;2003;12150
1463;2003;11356
1463;2003;11422
1463;2003;11663
1463;2003;11856
1464;2003;11208
1464;2003;11273
1464;2003;11297
1464;2003;11368
1464;2003;11880
1464;2003;12163
1465;2003;11160
1465;2003;11368
1465;2003;11854
1466;2003;11208
1466;2003;11404
1466;2003;11669
1466;2003;11880
1467;2004;11112
1467;2004;11658
1467;2004;11910
1467;2004;12150
1468;2004;11191
1468;2004;11375
1468;2004;11610
1468;2004;11727
1468;2004;12163
1469;2004;11117
1469;2004;11655
1469;2004;11842
1469;2004;11963
1469;2004;12104
1470;2004;11040
1470;2004;11041
1470;2004;11146
1470;2004;11600
1470;2004;11606
1470;2004;11840
1470;2004;12108
1471;2004;11111
1471;2004;11358
1471;2004;11520
1471;2004;11629
1471;2004;11676
1471;2004;11700
1471;2004;11892
1471;2004;12115
1472;2004;11343
1472;2004;11475
1472;2004;11637
1472;2004;11756
1472;2004;12049
1473;2004;11186
1473;2004;11467
1473;2004;11591
1473;2004;11744
1473;2004;11935
1473;2004;12170
1474;2004;11360
1474;2004;11535
1474;2004;11834
1474;2004;11947
1474;2004;12122
1475;2004;11142
1475;2004;11159
1475;2004;11208
1475;2004;11358
1475;2004;11414
1475;2004;11520
1475;2004;11579
1475;2004;11741
1475;2004;11742
1475;2004;11871
1476;2004;11168
1476;2004;11405
1476;2004;11638
1476;2004;11901
1476;2004;11970
1477;2004;11413
1477;2004;11429
1477;2004;11543
1477;2004;12037
1478;2004;11414
1478;2004;11448
1478;2004;11468
1478;2004;12031
1479;2004;11318
1479;2004;11370
1479;2004;11622
1479;2004;11702
1479;2004;11860
1479;2004;12075
1480;2004;11294
1480;2004;11333
1480;2004;11555
1480;2004;11852
1480;2004;12072
1481;2004;11183
1481;2004;11224
1481;2004;11670
1481;2004;11866
1481;2004;12115
1482;2004;11170
1482;2004;11433
1482;2004;11561
1482;2004;11715
1482;2004;11888
1482;2004;11910
1482;2004;12058
1483;2004;11093
1483;2004;11206
1483;2004;11346
1483;2004;11715
1483;2004;11823
1483;2004;12123
1484;2005;11067
1484;2005;11098
1484;2005;11579
1484;2005;11767
1484;2005;12048
1484;2005;12116
1485;2005;11278
1485;2005;11392
1485;2005;11454
1485;2005;11655
1485;2005;11734
1485;2005;11884
1485;2005;12117
1486;2005;11182
1486;2005;11456
1486;2005;11837
1487;2005;11214
1487;2005;11356
1487;2005;11551
1487;2005;11636
1487;2005;11856
1488;2005;11215
1488;2005;11528
1488;2005;11601
1488;2005;11621
1488;2005;11668
1488;2005;11899
1488;2005;11970
1488;2005;12122
1489;2005;11286
1489;2005;11339
1489;2005;11456
1489;2005;11751
1489;2005;12041
1489;2005;12117
1490;2005;11159
1490;2005;11712
1490;2005;11866
1490;2005;12116
1491;2005;11149
1491;2005;11200
1491;2005;11252
1491;2005;11313
1491;2005;11910
1491;2005;12116
1492;2005;11346
1492;2005;11962
1492;2005;12149
1493;2005;11068
1493;2005;11139
1493;2005;11172
1493;2005;11636
1493;2005;11767
1493;2005;12055
1494;2005;11051
1494;2005;11337
1494;2005;11529
1494;2005;11544
1494;2005;11587
1494;2005;11637
1494;2005;11854
1495;2005;11154
1495;2005;11326
1495;2005;11448
1495;2005;11558
1495;2005;11704
1495;2005;11840
1496;2005;11378
1496;2005;11711
1496;2005;11830
1496;2005;11979
1496;2005;12169
1497;2005;11044
1497;2005;11366
1497;2005;11482
1497;2005;11629
1497;2005;11675
1497;2005;11836
1498;2005;11062
1498;2005;11148
1498;2005;11352
1498;2005;11821
1499;2005;11344
1499;2005;11490
1499;2005;11644
1499;2005;11675
1499;2005;11835
1500;2005;11075
1500;2005;11255
1500;2005;11568
1500;2005;11570
1500;2005;11771
1500;2005;12069
1501;2005;11295
1501;2005;11568
1501;2005;11771
1501;2005;12102
1502;2005;11073
1502;2005;11308
1502;2005;11528
1502;2005;11575
1502;2005;11783
1502;2005;11946
1503;2005;11208
1503;2005;11424
1503;2005;11791
1504;2005;11159
1504;2005;11385
1504;2005;11712
1504;2005;11866
545;2006;11368
545;2006;11405
545;2006;11496
545;2006;11770
545;2006;11970
1506;2006;11568
1506;2006;11856
1506;2006;11992
1507;2006;11068
1507;2006;11115
1507;2006;11768
1507;2006;12115
1508;2006;11160
1508;2006;11358
1508;2006;11520
1508;2006;11629
1508;2006;11675
1508;2006;11884
1508;2006;12117
1509;2006;11049
1509;2006;11696
1509;2006;11945
1509;2006;12063
1509;2006;12072
1509;2006;12116
1510;2006;11043
1510;2006;11135
1510;2006;11202
1510;2006;11321
1510;2006;11385
1510;2006;11562
1510;2006;11863
1510;2006;12006
1510;2006;12063
1510;2006;12115
1511;2006;11093
1511;2006;11503
1511;2006;11564
1511;2006;11823
1511;2006;12086
1511;2006;12123
1512;2006;11115
1512;2006;11482
1512;2006;12115
1513;2006;11468
1513;2006;11636
1513;2006;12031
1514;2006;11099
1514;2006;11578
1514;2006;11880
1514;2006;12024
1514;2006;12025
1515;2006;11022
1515;2006;11068
1515;2006;11139
1515;2006;11158
1515;2006;11482
1515;2006;11631
1515;2006;11726
1515;2006;11839
1515;2006;11944
1515;2006;12055
1515;2006;12179
1516;2006;11010
1516;2006;11448
1516;2006;11563
1516;2006;11712
1516;2006;11866
1516;2006;12005
1516;2006;12163
1517;2006;11154
1517;2006;11658
1517;2006;11933
1518;2006;11448
1518;2006;11473
1518;2006;11824
1518;2006;11866
1518;2006;11931
1518;2006;11973
1518;2006;12102
1518;2006;12144
1518;2006;12146
1519;2006;11222
1519;2006;11363
1519;2006;11681
1519;2006;11838
1519;2006;12043
1520;2006;11141
1520;2006;11433
1520;2006;11448
1520;2006;11866
1520;2006;12058
1521;2006;11021
1521;2006;11128
1521;2006;11305
1521;2006;11568
1521;2006;11933
1521;2006;12037
1522;2006;11255
1522;2006;11652
1522;2006;11659
1522;2006;11834
1522;2006;11989
1522;2006;12054
1522;2006;12150
1522;2006;12165
1523;2006;11029
1523;2006;11553
1523;2006;11757
1523;2006;12007
1523;2006;12063
1524;2006;11173
1524;2006;11834
1524;2006;11838
1524;2006;12069
1524;2006;12151
1524;2006;12165
1525;2006;11174
1525;2006;11193
1525;2006;11579
1525;2006;11770
1525;2006;11816
1525;2006;12072
1526;2006;11198
1526;2006;11684
1526;2006;11940
1526;2006;12086
1527;2006;11228
1527;2006;11830
1527;2006;12061
1527;2006;12130
1528;2006;11275
1528;2006;11345
1528;2006;11924
1528;2006;12097
1529;2006;11197
1529;2006;11281
1529;2006;11379
1529;2006;11457
1529;2006;11484
1529;2006;11595
1529;2006;11685
1529;2006;11701
1529;2006;11884
1529;2006;12041
1529;2006;12143
1530;2006;11414
1530;2006;11440
1530;2006;11448
1530;2006;11601
1530;2006;11842
1530;2006;12116
1531;2006;11295
1531;2006;11568
1531;2006;11771
1531;2006;12102
1532;2006;11027
1532;2006;11373
1532;2006;11663
1532;2006;11912
1532;2006;11987
1532;2006;12148
1533;2007;11082
1533;2007;11409
1533;2007;11613
1533;2007;11840
1533;2007;12123
1533;2007;12163
1534;2007;11252
1534;2007;11636
1534;2007;11767
1534;2007;11982
1534;2007;12115
1535;2007;11118
1535;2007;11316
1535;2007;11710
1535;2007;11896
1535;2007;12117
1536;2007;11026
1536;2007;11685
1536;2007;11701
1536;2007;11803
1536;2007;11907
1536;2007;12146
1537;2007;11078
1537;2007;11085
1537;2007;11677
1537;2007;11855
1537;2007;12162
1538;2007;11029
1538;2007;11154
1538;2007;11553
1538;2007;11771
1539;2007;11109
1539;2007;11240
1539;2007;11376
1539;2007;11430
1539;2007;11664
1539;2007;11859
1539;2007;12108
1540;2007;11149
1540;2007;11200
1540;2007;11376
1540;2007;11431
1540;2007;11910
1541;2007;11658
1541;2007;11871
1541;2007;11895
1541;2007;11978
1541;2007;12136
1542;2007;11128
1542;2007;11160
1542;2007;11535
1542;2007;11683
1542;2007;11884
1542;2007;12117
1543;2007;11143
1543;2007;11172
1543;2007;11216
1543;2007;11426
1543;2007;11712
1543;2007;11910
1544;2007;11141
1544;2007;11224
1544;2007;11670
1544;2007;11844
1544;2007;12055
1545;2007;11303
1545;2007;11482
1545;2007;11636
1545;2007;11767
1545;2007;11984
1546;2007;11350
1546;2007;11535
1546;2007;11675
1546;2007;11834
1546;2007;11985
1546;2007;12122
1547;2007;11265
1547;2007;11475
1547;2007;11520
1547;2007;11547
1547;2007;11626
1547;2007;11629
1547;2007;11686
1547;2007;11690
1547;2007;11756
1547;2007;12049
1548;2007;11116
1548;2007;11187
1548;2007;11212
1548;2007;11547
1548;2007;11613
1548;2007;11626
1548;2007;11678
1548;2007;11687
1548;2007;11764
1548;2007;12140
1548;2007;12151
1549;2007;11272
1549;2007;11456
1549;2007;11811
1549;2007;12104
1550;2007;11112
1550;2007;11344
1550;2007;11652
1550;2007;11658
1550;2007;11659
1550;2007;11775
1550;2007;11874
1550;2007;12043
1551;2007;11217
1551;2007;11433
1551;2007;11557
1551;2007;11875
1551;2007;11896
1551;2007;12058
1552;2007;11413
1552;2007;11917
1552;2007;12029
1552;2007;12176
1553;2007;11267
1553;2007;12127
1554;2007;11101
1554;2007;11448
1554;2007;11751
1554;2007;11924
1554;2007;12030
1554;2007;12053
1554;2007;12145
1555;2007;11420
1555;2007;11489
1555;2007;11565
1555;2007;11807
1555;2007;12077
1555;2007;12153
1556;2007;11344
1556;2007;11465
1556;2007;11568
1556;2007;11800
1556;2007;11893
1557;2007;11456
1557;2007;11598
1557;2007;11691
1557;2007;11725
1557;2007;11730
1557;2007;11739
1557;2007;11811
1557;2007;12078
1557;2007;12147
1558;2007;11401
1558;2007;11488
1558;2007;11636
1558;2007;11767
1558;2007;12101
1558;2007;12123
1559;2007;11065
1559;2007;11216
1559;2007;11637
1559;2007;11840
1559;2007;12163
1560;2007;11336
1560;2007;11712
1560;2007;11990
1561;2008;11461
1561;2008;11652
1561;2008;11658
1561;2008;11659
1561;2008;11756
1561;2008;11964
1562;2008;11085
1562;2008;11214
1562;2008;11333
1562;2008;11468
1562;2008;11641
1562;2008;11824
1562;2008;12031
1563;2008;11312
1563;2008;11830
1563;2008;12107
1564;2008;11053
1564;2008;11240
1564;2008;11376
1564;2008;11664
1564;2008;11859
1564;2008;12109
1565;2008;11137
1565;2008;11681
1565;2008;11844
1565;2008;12063
1566;2008;11038
1566;2008;11286
1566;2008;11339
1566;2008;11534
1566;2008;11648
1566;2008;11816
1566;2008;11897
1566;2008;12041
1567;2008;11057
1567;2008;11530
1567;2008;11679
1567;2008;11922
1567;2008;11954
1567;2008;12088
1568;2008;11003
1568;2008;11128
1568;2008;11535
1568;2008;11884
1568;2008;12007
1569;2008;11424
1569;2008;11518
1569;2008;11921
1570;2008;11068
1570;2008;11139
1570;2008;11482
1570;2008;11636
1570;2008;11652
1570;2008;11659
1570;2008;11844
1570;2008;12007
1570;2008;12055
1571;2008;11170
1571;2008;11609
1571;2008;11771
1571;2008;11967
1571;2008;12049
1572;2008;11010
1572;2008;11767
1572;2008;12163
1573;2008;11083
1573;2008;11185
1573;2008;11374
1573;2008;11396
1573;2008;11540
1573;2008;11549
1573;2008;11618
1573;2008;11655
1573;2008;11732
1573;2008;11910
1573;2008;12116
1574;2008;11154
1574;2008;11390
1574;2008;11569
1574;2008;11783
1574;2008;12173
1575;2008;11005
1575;2008;11163
1575;2008;11579
1575;2008;11807
1575;2008;12014
1576;2008;11068
1576;2008;11166
1576;2008;11173
1576;2008;11605
1576;2008;11834
1576;2008;11838
1576;2008;12115
1577;2008;11971
1578;2008;11956
1579;2008;11996
761;2009;11704
761;2009;11957
1580;2009;11304
1580;2009;11538
1580;2009;11655
1580;2009;12036
1581;2009;11358
1581;2009;11408
1581;2009;11520
1581;2009;11685
1581;2009;11701
1581;2009;11716
1581;2009;11881
1581;2009;12125
1582;2009;11153
1582;2009;11201
1582;2009;11334
1582;2009;11836
1582;2009;12162
1583;2009;11299
1583;2009;11398
1583;2009;11550
1583;2009;11693
1583;2009;11937
1583;2009;12163
1584;2009;11407
1584;2009;11519
1584;2009;11555
1584;2009;11776
1585;2009;11208
1585;2009;11326
1585;2009;11613
1585;2009;11840
1586;2009;11164
1586;2009;11362
1586;2009;11471
1586;2009;11613
1586;2009;11854
1586;2009;12120
1586;2009;12139
1587;2009;11294
1587;2009;11309
1587;2009;11333
1587;2009;11448
1587;2009;11770
1587;2009;11824
1588;2009;11173
1588;2009;11321
1588;2009;11844
1588;2009;12043
1589;2009;11053
1589;2009;11376
1589;2009;11571
1589;2009;11859
1590;2009;11075
1590;2009;11644
1590;2009;11771
1590;2009;12102
1591;2009;11039
1591;2009;11159
1591;2009;11385
1591;2009;11712
1591;2009;11866
1592;2009;11298
1592;2009;11535
1592;2009;11793
1592;2009;11844
1592;2009;12063
1593;2009;11351
1593;2009;11520
1593;2009;11655
1593;2009;11734
1593;2009;12032
1594;2009;11284
1594;2009;11637
1594;2009;11833
1594;2009;12031
1595;2009;11220
1595;2009;11368
1595;2009;11496
1595;2009;11718
1595;2009;12022
1595;2009;12038
1595;2009;12084
1595;2009;12092
1595;2009;12098
1595;2009;12099
1595;2009;12133
1595;2009;12167
1596;2009;11115
1596;2009;11550
1596;2009;11664
1596;2009;11767
1596;2009;12031
1597;2009;11211
1597;2009;11309
1597;2009;11350
1597;2009;11679
1597;2009;11859
1597;2009;12031
1598;2009;11514
1598;2009;11646
1598;2009;11712
1598;2009;11898
1598;2009;12172
1600;2009;11965
1601;2009;12000
1602;2010;11160
1602;2010;11520
1602;2010;11601
1602;2010;11629
1602;2010;11884
1602;2010;12117
1603;2010;11193
1603;2010;11531
1603;2010;11770
1603;2010;11816
1603;2010;12072
1604;2010;11405
1604;2010;11629
1604;2010;11675
1604;2010;11787
1604;2010;11974
1604;2010;12037
1605;2010;11088
1605;2010;11928
1605;2010;12017
1606;2010;11208
1606;2010;11315
1606;2010;11652
1606;2010;11658
1606;2010;11659
1606;2010;11812
1606;2010;11871
1607;2010;11142
1607;2010;11208
1607;2010;11402
1607;2010;11712
1607;2010;11733
1607;2010;11871
1608;2010;11078
1608;2010;11661
1608;2010;11681
1608;2010;11855
1608;2010;12162
1609;2010;11704
1609;2010;11983
1610;2010;11022
1610;2010;11216
1610;2010;11263
1610;2010;11669
1610;2010;11915
1610;2010;12104
1611;2010;11497
1611;2010;11555
1611;2010;11836
1611;2010;12096
1612;2010;11038
1612;2010;11286
1612;2010;11339
1612;2010;11534
1612;2010;11629
1612;2010;11630
1612;2010;11648
1612;2010;11685
1612;2010;11701
1612;2010;11816
1612;2010;12041
1613;2010;11004
1613;2010;11681
1613;2010;11925
1613;2010;12050
1614;2010;11043
1614;2010;11188
1614;2010;11202
1614;2010;11366
1614;2010;11629
1614;2010;11676
1614;2010;11836
1615;2010;11712
1615;2010;11952
1616;2010;11712
1616;2010;11943
1616;2010;11961
1617;2010;11276
